node_num,node_name,node_type
1,ABL1,gene
2,ABL2,gene
3,ACAA1,gene
4,ACACA,gene
5,ACADM,gene
6,ACOX1,gene
7,ACOX3,gene
8,ACSBG2,gene
9,ACSL1,gene
10,ACSL3,gene
11,ACSL6,gene
12,ACTA2,gene
13,ACTB,gene
14,ACTG1,gene
15,ACVR1,gene
16,ACVR1B,gene
17,ACVR1C,gene
18,ACVR2A,gene
19,ACVR2B,gene
20,ADAM17,gene
21,ADCY1,gene
22,ADCY2,gene
23,ADCY3,gene
24,ADCY4,gene
25,ADCY5,gene
26,ADCY6,gene
27,ADCY7,gene
28,ADCY8,gene
29,ADCY9,gene
30,ADCYAP1,gene
31,ADCYAP1R1,gene
32,ADIPOR1,gene
33,ADIPOR2,gene
34,ADORA2A,gene
35,ADORA2B,gene
36,ADRA1A,gene
37,ADRA1B,gene
38,ADRA1D,gene
39,ADRA2A,gene
40,ADRA2B,gene
41,ADRA2C,gene
42,ADRB1,gene
43,ADRB2,gene
44,AGAP2,gene
45,AGTR1,gene
46,AIFM2,gene
47,AIM2,gene
48,AJUBA,gene
49,AKT1,gene
50,AKT1S1,gene
51,AKT2,gene
52,ALDOA,gene
53,ALDOC,gene
54,AMH,gene
55,ANAPC5,gene
56,ANGPTL4,gene
57,AOX1,gene
58,APAF1,gene
59,APBB1IP,gene
60,APC,gene
61,APC2,gene
62,APH1B,gene
63,APOA1,gene
64,AQP7,gene
65,ARAP3,gene
66,ARF1,gene
67,ARF6,gene
68,ARHGDIA,gene
69,ARHGDIB,gene
70,ARHGDIG,gene
71,ARHGEF12,gene
72,ARNT,gene
73,ARRB1,gene
74,ARRB2,gene
75,ATF2,gene
76,ATF4,gene
77,ATF6B,gene
78,ATG12,gene
79,ATG16L1,gene
80,ATG5,gene
81,ATM,gene
82,ATP1A1,gene
83,ATP1A3,gene
84,ATP1B1,gene
85,ATP1B2,gene
86,ATP1B3,gene
87,ATP2A1,gene
88,ATP2A2,gene
89,ATP2A3,gene
90,ATP2B1,gene
91,ATP2B2,gene
92,ATP2B4,gene
93,ATP6V1A,gene
94,ATP6V1B2,gene
95,ATP6V1C1,gene
96,ATP6V1C2,gene
97,ATP6V1D,gene
98,ATP6V1E1,gene
99,ATP6V1E2,gene
100,ATP6V1F,gene
101,ATP6V1G1,gene
102,ATP6V1G2,gene
103,ATP6V1H,gene
104,ATR,gene
105,ATXN1,gene
106,ATXN1L,gene
107,AVP,gene
108,AVPR1B,gene
109,AXIN1,gene
110,AXIN2,gene
111,AZI2,gene
112,BAD,gene
113,BAMBI,gene
114,BAX,gene
115,BBC3,gene
116,BCAR1,gene
117,BCL10,gene
118,BCL2,gene
119,BCL2L1,gene
120,BCL2L11,gene
121,BCL3,gene
122,BCL6,gene
123,BDKRB2,gene
124,BDNF,gene
125,BECN1,gene
126,BID,gene
127,BIRC2,gene
128,BIRC5,gene
129,BMP2,gene
130,BMP4,gene
131,BMP6,gene
132,BMP7,gene
133,BMP8A,gene
134,BMP8B,gene
135,BMPR1A,gene
136,BMPR1B,gene
137,BMPR2,gene
138,BNIP3,gene
139,BOC,gene
140,BRAF,gene
141,BRAP,gene
142,BRCA1,gene
143,BTC,gene
144,CAB39,gene
145,CAB39L,gene
146,CACNA1C,gene
147,CACNA1D,gene
148,CACNA2D1,gene
149,CACNA2D2,gene
150,CACNA2D3,gene
151,CACNA2D4,gene
152,CACNB1,gene
153,CACNB2,gene
154,CACNB3,gene
155,CACNB4,gene
156,CACNG1,gene
157,CACNG2,gene
158,CACNG3,gene
159,CACNG4,gene
160,CACNG6,gene
161,CACNG7,gene
162,CACYBP,gene
163,CALM1,gene
164,CALM2,gene
165,CALM3,gene
166,CALML3,gene
167,CAMK1,gene
168,CAMK1D,gene
169,CAMK2A,gene
170,CAMK2B,gene
171,CAMK2D,gene
172,CAMK2G,gene
173,CAMK4,gene
174,CAMKK2,gene
175,CAMP,gene
176,CARD10,gene
177,CARD11,gene
178,CARD14,gene
179,CARD9,gene
180,CASP3,gene
181,CASP4,gene
182,CASP9,gene
183,CASQ1,gene
184,CASR,gene
185,CAT,gene
186,CBL,gene
187,CBLB,gene
188,CCKAR,gene
189,CCKBR,gene
190,CCL22,gene
191,CCL24,gene
192,CCL25,gene
193,CCL5,gene
194,CCNA1,gene
195,CCNB1,gene
196,CCNB2,gene
197,CCND1,gene
198,CCND2,gene
199,CCND3,gene
200,CCNE1,gene
201,CCNE2,gene
202,CCNG1,gene
203,CCR10,gene
204,CCR7,gene
205,CD38,gene
206,CD40,gene
207,CD72,gene
208,CD79B,gene
209,CD82,gene
210,CD8A,gene
211,CD8B,gene
212,CDC25B,gene
213,CDC37,gene
214,CDC42,gene
215,CDH1,gene
216,CDK1,gene
217,CDK2,gene
218,CDK4,gene
219,CDK6,gene
220,CDKN1A,gene
221,CDKN1B,gene
222,CDKN2A,gene
223,CDKN2B,gene
224,CDKN2D,gene
225,CEBPB,gene
226,CFLAR,gene
227,CFTR,gene
228,CHAD,gene
229,CHD8,gene
230,CHEK1,gene
231,CHEK2,gene
232,CHRD,gene
233,CHRM1,gene
234,CHRM3,gene
235,CHUK,gene
236,CIR1,gene
237,CISH,gene
238,CLIP1,gene
239,CNR1,gene
240,CNTFR,gene
241,COL1A1,gene
242,COL1A2,gene
243,COL2A1,gene
244,COL4A1,gene
245,COL4A2,gene
246,COL4A3,gene
247,COL4A4,gene
248,COL6A2,gene
249,COL6A3,gene
250,COL9A1,gene
251,COL9A2,gene
252,COL9A3,gene
253,COMP,gene
254,CPT1A,gene
255,CPT1B,gene
256,CPT1C,gene
257,CPT2,gene
258,CREB1,gene
259,CREB3,gene
260,CREB3L1,gene
261,CREB3L2,gene
262,CREB3L3,gene
263,CREB3L4,gene
264,CREB5,gene
265,CREBBP,gene
266,CRK,gene
267,CRKL,gene
268,CRTC2,gene
269,CSF1R,gene
270,CSF3,gene
271,CSNK1A1,gene
272,CSNK1D,gene
273,CSNK1E,gene
274,CSNK1G1,gene
275,CSNK1G2,gene
276,CSNK1G3,gene
277,CSNK2A2,gene
278,CSNK2B,gene
279,CTBP1,gene
280,CTBP2,gene
281,CTF1,gene
282,CTNNA1,gene
283,CTNNA2,gene
284,CTNNB1,gene
285,CTNNBIP1,gene
286,CTNND2,gene
287,CTSD,gene
288,CUL1,gene
289,CUL3,gene
290,CX3CL1,gene
291,CX3CR1,gene
292,CXCL1,gene
293,CXCL12,gene
294,CXCL14,gene
295,CXCL16,gene
296,CXCL2,gene
297,CXCL3,gene
298,CXCR4,gene
299,CXCR5,gene
300,CXXC4,gene
301,CYCS,gene
302,CYLD,gene
303,CYP17A1,gene
304,CYP27A1,gene
305,CYTH1,gene
306,CYTH2,gene
307,CYTH3,gene
308,DAAM1,gene
309,DAAM2,gene
310,DAB2IP,gene
311,DAXX,gene
312,DBI,gene
313,DCHS2,gene
314,DDB2,gene
315,DDIT3,gene
316,DDIT4,gene
317,DDX58,gene
318,DEPDC5,gene
319,DHH,gene
320,DHX33,gene
321,DHX58,gene
322,DIAPH1,gene
323,DISP1,gene
324,DKK1,gene
325,DKK2,gene
326,DLG1,gene
327,DLG2,gene
328,DLG4,gene
329,DLG5,gene
330,DLL1,gene
331,DLL3,gene
332,DLL4,gene
333,DNM1L,gene
334,DOCK2,gene
335,DOCK4,gene
336,DRD1,gene
337,DRD2,gene
338,DRD5,gene
339,DTX1,gene
340,DTX3,gene
341,DTX3L,gene
342,DTX4,gene
343,DUSP1,gene
344,DUSP10,gene
345,DUSP16,gene
346,DUSP2,gene
347,DUSP3,gene
348,DUSP4,gene
349,DUSP5,gene
350,DUSP6,gene
351,DUSP7,gene
352,DUSP8,gene
353,DVL1,gene
354,DVL3,gene
355,E2F4,gene
356,E2F5,gene
357,EBAG9,gene
358,ECSIT,gene
359,EDARADD,gene
360,EDN1,gene
361,EDN2,gene
362,EDN3,gene
363,EDNRB,gene
364,EEF2,gene
365,EEF2K,gene
366,EFCAB7,gene
367,EFNA1,gene
368,EFNA2,gene
369,EFNA3,gene
370,EFNA4,gene
371,EFNA5,gene
372,EGFR,gene
373,EGLN2,gene
374,EGLN3,gene
375,EGR1,gene
376,EGR2,gene
377,EGR3,gene
378,EHHADH,gene
379,EI24,gene
380,EIF4B,gene
381,EIF4E,gene
382,EIF4E1B,gene
383,EIF4E2,gene
384,EIF4EBP1,gene
385,ELAVL1,gene
386,ELF5,gene
387,ELMO1,gene
388,ENAH,gene
389,ENO1,gene
390,ENO2,gene
391,ENO3,gene
392,ENO4,gene
393,EP300,gene
394,EPHA2,gene
395,EPO,gene
396,EPOR,gene
397,ERBB2,gene
398,ERBB3,gene
399,ERBB4,gene
400,EREG,gene
401,ESR1,gene
402,ESR2,gene
403,ETS1,gene
404,ETS2,gene
405,EVC,gene
406,EVC2,gene
407,EVL,gene
408,EXOC2,gene
409,EXOC7,gene
410,F2R,gene
411,F3,gene
412,FABP3,gene
413,FADD,gene
414,FADS2,gene
415,FARP2,gene
416,FAS,gene
417,FASN,gene
418,FAT4,gene
419,FBP1,gene
420,FBXO25,gene
421,FBXO32,gene
422,FBXW11,gene
423,FFAR2,gene
424,FGF1,gene
425,FGF10,gene
426,FGF17,gene
427,FGF18,gene
428,FGF19,gene
429,FGF2,gene
430,FGF20,gene
431,FGF22,gene
432,FGF3,gene
433,FGF4,gene
434,FGF5,gene
435,FGF6,gene
436,FGF8,gene
437,FGF9,gene
438,FGFR1,gene
439,FGFR2,gene
440,FGFR3,gene
441,FGFR4,gene
442,FGR,gene
443,FLCN,gene
444,FLNB,gene
445,FLNC,gene
446,FLOT1,gene
447,FLOT2,gene
448,FLT1,gene
449,FLT3,gene
450,FLT3LG,gene
451,FLT4,gene
452,FN1,gene
453,FNIP1,gene
454,FNIP2,gene
455,FOS,gene
456,FOSB,gene
457,FOSL1,gene
458,FOXO1,gene
459,FOXO3,gene
460,FRAT1,gene
461,FRAT2,gene
462,FRMD1,gene
463,FRMD6,gene
464,FRS2,gene
465,FST,gene
466,FXYD1,gene
467,FXYD2,gene
468,FYN,gene
469,FZD1,gene
470,FZD10,gene
471,FZD2,gene
472,FZD3,gene
473,FZD4,gene
474,FZD5,gene
475,FZD6,gene
476,FZD7,gene
477,FZD8,gene
478,FZD9,gene
479,G6PC3,gene
480,GAB1,gene
481,GAB2,gene
482,GABARAP,gene
483,GABBR1,gene
484,GABBR2,gene
485,GADD45A,gene
486,GADD45B,gene
487,GADD45G,gene
488,GAPDH,gene
489,GAS1,gene
490,GATA4,gene
491,GCGR,gene
492,GCK,gene
493,GDF5,gene
494,GDF6,gene
495,GDF7,gene
496,GDNF,gene
497,GFAP,gene
498,GH1,gene
499,GHR,gene
500,GHRL,gene
501,GHSR,gene
502,GLI1,gene
503,GLI2,gene
504,GLI3,gene
505,GLP1R,gene
506,GNA11,gene
507,GNA12,gene
508,GNA13,gene
509,GNA14,gene
510,GNA15,gene
511,GNAI1,gene
512,GNAI2,gene
513,GNAI3,gene
514,GNAL,gene
515,GNAO1,gene
516,GNAQ,gene
517,GNAS,gene
518,GNB1,gene
519,GNB2,gene
520,GNB3,gene
521,GNB4,gene
522,GNB5,gene
523,GNG10,gene
524,GNG11,gene
525,GNG13,gene
526,GNG4,gene
527,GNG5,gene
528,GNG7,gene
529,GNG8,gene
530,GNGT2,gene
531,GPR161,gene
532,GRB10,gene
533,GRB2,gene
534,GREM1,gene
535,GRIA1,gene
536,GRIA2,gene
537,GRIA4,gene
538,GRIN1,gene
539,GRIN2A,gene
540,GRIN2B,gene
541,GRIN2C,gene
542,GRIN2D,gene
543,GRIN3A,gene
544,GRIN3B,gene
545,GRK1,gene
546,GRK4,gene
547,GRK5,gene
548,GRK6,gene
549,GRK7,gene
550,GRM1,gene
551,GRM2,gene
552,GRM3,gene
553,GRM4,gene
554,GRM8,gene
555,GSDMD,gene
556,GSK3A,gene
557,GSK3B,gene
558,GTF2I,gene
559,GTF2IRD1,gene
560,GTSE1,gene
561,GYS1,gene
562,HBEGF,gene
563,HCAR1,gene
564,HCK,gene
565,HDAC1,gene
566,HDAC2,gene
567,HDAC3,gene
568,HDAC4,gene
569,HDAC5,gene
570,HES1,gene
571,HES5,gene
572,HEY1,gene
573,HEY2,gene
574,HEYL,gene
575,HHAT,gene
576,HHATL,gene
577,HHIP,gene
578,HIF1A,gene
579,HK1,gene
580,HKDC1,gene
581,HMGCR,gene
582,HMGCS1,gene
583,HMOX1,gene
584,HNF4A,gene
585,HOMER1,gene
586,HOMER2,gene
587,HOMER3,gene
588,HRAS,gene
589,HRH1,gene
590,HRH2,gene
591,HSP90AA1,gene
592,HSP90AB1,gene
593,HSP90B1,gene
594,HSPA1A,gene
595,HSPA1B,gene
596,HSPA1L,gene
597,HSPA2,gene
598,HSPA6,gene
599,HSPA8,gene
600,HTR1A,gene
601,HTR1B,gene
602,HTR1E,gene
603,HTR1F,gene
604,HTR2A,gene
605,HTR5A,gene
606,HTR6,gene
607,HTR7,gene
608,ICAM1,gene
609,ID1,gene
610,ID2,gene
611,ID4,gene
612,IFIH1,gene
613,IFNAR1,gene
614,IFNAR2,gene
615,IFNGR1,gene
616,IFNGR2,gene
617,IGF1R,gene
618,IGF2,gene
619,IGFBP3,gene
620,IHH,gene
621,IKBKB,gene
622,IL10RA,gene
623,IL10RB,gene
624,IL11,gene
625,IL11RA,gene
626,IL12A,gene
627,IL12B,gene
628,IL12RB1,gene
629,IL13,gene
630,IL15,gene
631,IL15RA,gene
632,IL17B,gene
633,IL17C,gene
634,IL17D,gene
635,IL17RA,gene
636,IL17RB,gene
637,IL17RC,gene
638,IL1R1,gene
639,IL1RAP,gene
640,IL20RA,gene
641,IL20RB,gene
642,IL22RA1,gene
643,IL27RA,gene
644,IL2RB,gene
645,IL3,gene
646,IL4R,gene
647,IL6R,gene
648,IL6ST,gene
649,ILK,gene
650,INHBB,gene
651,INS,gene
652,INSR,gene
653,INVS,gene
654,IQCE,gene
655,IRAK2,gene
656,IRAK3,gene
657,IRAK4,gene
658,IRF1,gene
659,IRF3,gene
660,IRF5,gene
661,IRF7,gene
662,IRS1,gene
663,IRS2,gene
664,ITCH,gene
665,ITGA1,gene
666,ITGA11,gene
667,ITGA2,gene
668,ITGA3,gene
669,ITGA4,gene
670,ITGA5,gene
671,ITGA6,gene
672,ITGA7,gene
673,ITGA9,gene
674,ITGAV,gene
675,ITGB1,gene
676,ITGB2,gene
677,ITGB3,gene
678,ITGB4,gene
679,ITGB5,gene
680,ITGB8,gene
681,ITPR1,gene
682,ITPR2,gene
683,ITPR3,gene
684,JAG1,gene
685,JAG2,gene
686,JAK1,gene
687,JAK2,gene
688,JAK3,gene
689,JMJD7-PLA2G4B,gene
690,JUN,gene
691,JUND,gene
692,KAT2A,gene
693,KCNJ12,gene
694,KCNJ18,gene
695,KCNJ2,gene
696,KCNJ3,gene
697,KCNJ4,gene
698,KCNJ5,gene
699,KCNJ6,gene
700,KCNMA1,gene
701,KCNMB3,gene
702,KCNMB4,gene
703,KDR,gene
704,KIDINS220,gene
705,KIF3A,gene
706,KIF7,gene
707,KIT,gene
708,KITLG,gene
709,KLF2,gene
710,KLF4,gene
711,KRAS,gene
712,KRIT1,gene
713,KRT15,gene
714,KRT16,gene
715,KRT18,gene
716,KRT19,gene
717,KRT24,gene
718,KRT32,gene
719,KRT9,gene
720,KSR1,gene
721,KSR2,gene
722,LAMA1,gene
723,LAMA2,gene
724,LAMA3,gene
725,LAMA4,gene
726,LAMA5,gene
727,LAMB1,gene
728,LAMB2,gene
729,LAMB3,gene
730,LAMC1,gene
731,LAMC2,gene
732,LAMC3,gene
733,LAMTOR2,gene
734,LAT,gene
735,LATS1,gene
736,LATS2,gene
737,LCK,gene
738,LCN2,gene
739,LDHA,gene
740,LDHAL6A,gene
741,LDHB,gene
742,LDHC,gene
743,LEF1,gene
744,LEP,gene
745,LEPR,gene
746,LFNG,gene
747,LGR4,gene
748,LGR5,gene
749,LGR6,gene
750,LHB,gene
751,LHCGR,gene
752,LIF,gene
753,LIFR,gene
754,LILRA4,gene
755,LILRA6,gene
756,LILRB4,gene
757,LIMD1,gene
758,LLGL1,gene
759,LLGL2,gene
760,LPAR1,gene
761,LPAR2,gene
762,LPAR3,gene
763,LPAR5,gene
764,LPIN1,gene
765,LPIN2,gene
766,LRP2,gene
767,LRP5,gene
768,LRP6,gene
769,LSP1,gene
770,LTA,gene
771,LTB4R2,gene
772,LTBP1,gene
773,LTBR,gene
774,LYN,gene
775,MAGI1,gene
776,MAGI2,gene
777,MAGI3,gene
778,MALT1,gene
779,MAML1,gene
780,MAML2,gene
781,MAP2K1,gene
782,MAP2K2,gene
783,MAP2K3,gene
784,MAP2K4,gene
785,MAP2K5,gene
786,MAP2K6,gene
787,MAP2K7,gene
788,MAP3K1,gene
789,MAP3K11,gene
790,MAP3K12,gene
791,MAP3K13,gene
792,MAP3K14,gene
793,MAP3K3,gene
794,MAP3K4,gene
795,MAP3K5,gene
796,MAP3K6,gene
797,MAP3K7,gene
798,MAP3K8,gene
799,MAP4K2,gene
800,MAP4K3,gene
801,MAP4K4,gene
802,MAPK1,gene
803,MAPK11,gene
804,MAPK12,gene
805,MAPK13,gene
806,MAPK14,gene
807,MAPK15,gene
808,MAPK3,gene
809,MAPK4,gene
810,MAPK6,gene
811,MAPK7,gene
812,MAPK8,gene
813,MAPK8IP1,gene
814,MAPK8IP2,gene
815,MAPK8IP3,gene
816,MAPK9,gene
817,MAPKAP1,gene
818,MAPKAPK2,gene
819,MAPKAPK3,gene
820,MAPKAPK5,gene
821,MAPT,gene
822,MATK,gene
823,MAVS,gene
824,MAX,gene
825,MC2R,gene
826,MDM2,gene
827,MDM4,gene
828,ME1,gene
829,MECOM,gene
830,MED1,gene
831,MED12L,gene
832,MED13,gene
833,MED13L,gene
834,MED16,gene
835,MED24,gene
836,MED30,gene
837,MED4,gene
838,MEF2A,gene
839,MEF2B,gene
840,MEF2C,gene
841,MEF2D,gene
842,MEGF8,gene
843,MET,gene
844,MFN1,gene
845,MFN2,gene
846,MFNG,gene
847,MGRN1,gene
848,MKNK1,gene
849,MKNK2,gene
850,MLST8,gene
851,MLYCD,gene
852,MMP2,gene
853,MOB1A,gene
854,MOB1B,gene
855,MRAS,gene
856,MST1,gene
857,MST1R,gene
858,MTOR,gene
859,MUC5B,gene
860,MYB,gene
861,MYC,gene
862,MYD88,gene
863,MYL2,gene
864,MYL6,gene
865,MYL6B,gene
866,MYL9,gene
867,MYLK,gene
868,MYLK3,gene
869,NBL1,gene
870,NCK1,gene
871,NCK2,gene
872,NCOA1,gene
873,NCOA2,gene
874,NCOA3,gene
875,NCOR1,gene
876,NCOR2,gene
877,NCSTN,gene
878,NEO1,gene
879,NF1,gene
880,NF2,gene
881,NFATC1,gene
882,NFATC2,gene
883,NFATC3,gene
884,NFATC4,gene
885,NFKB1,gene
886,NFKB2,gene
887,NFKBIA,gene
888,NFKBIB,gene
889,NGF,gene
890,NGFR,gene
891,NKD1,gene
892,NKD2,gene
893,NLK,gene
894,NLRC4,gene
895,NLRP6,gene
896,NLRX1,gene
897,NOD1,gene
898,NOD2,gene
899,NODAL,gene
900,NOG,gene
901,NOS1,gene
902,NOS3,gene
903,NOTCH1,gene
904,NOTCH3,gene
905,NOTUM,gene
906,NOX4,gene
907,NPPB,gene
908,NPPC,gene
909,NPR1,gene
910,NPR2,gene
911,NPRL2,gene
912,NPRL3,gene
913,NPY,gene
914,NPY1R,gene
915,NR1H3,gene
916,NR4A1,gene
917,NRF1,gene
918,NRG1,gene
919,NRG2,gene
920,NRG3,gene
921,NSMAF,gene
922,NTF3,gene
923,NTF4,gene
924,NTRK1,gene
925,NTRK2,gene
926,NTRK3,gene
927,NTSR1,gene
928,NUMB,gene
929,NUMBL,gene
930,OPRD1,gene
931,ORAI1,gene
932,ORAI2,gene
933,ORAI3,gene
934,OSM,gene
935,OSMR,gene
936,OXT,gene
937,OXTR,gene
938,P2RY1,gene
939,PAK1,gene
940,PAK2,gene
941,PAK4,gene
942,PAK6,gene
943,PARD3,gene
944,PARD6A,gene
945,PARD6B,gene
946,PARD6G,gene
947,PCK2,gene
948,PDCD1,gene
949,PDE10A,gene
950,PDE1B,gene
951,PDE1C,gene
952,PDE3A,gene
953,PDE3B,gene
954,PDE4A,gene
955,PDE4B,gene
956,PDE4C,gene
957,PDE4D,gene
958,PDGFA,gene
959,PDGFB,gene
960,PDGFC,gene
961,PDGFD,gene
962,PDGFRA,gene
963,PDHB,gene
964,PDK1,gene
965,PDPK1,gene
966,PERP,gene
967,PF4V1,gene
968,PFKFB2,gene
969,PFKFB3,gene
970,PFKFB4,gene
971,PFKL,gene
972,PFKM,gene
973,PFKP,gene
974,PFN1,gene
975,PFN2,gene
976,PFN3,gene
977,PFN4,gene
978,PGAM5,gene
979,PGF,gene
980,PGR,gene
981,PHKB,gene
982,PHKG1,gene
983,PHKG2,gene
984,PHLPP1,gene
985,PIAS1,gene
986,PIAS2,gene
987,PIAS3,gene
988,PIAS4,gene
989,PIK3AP1,gene
990,PIK3C3,gene
991,PIK3CA,gene
992,PIK3CD,gene
993,PIK3R1,gene
994,PIK3R2,gene
995,PIK3R3,gene
996,PIK3R4,gene
997,PIK3R5,gene
998,PIM1,gene
999,PIN1,gene
1000,PITX2,gene
1001,PKM,gene
1002,PKN1,gene
1003,PKN3,gene
1004,PLA2G12A,gene
1005,PLA2G2E,gene
1006,PLA2G4B,gene
1007,PLA2G4F,gene
1008,PLA2G6,gene
1009,PLAT,gene
1010,PLAU,gene
1011,PLCB1,gene
1012,PLCB2,gene
1013,PLCB3,gene
1014,PLCB4,gene
1015,PLCD1,gene
1016,PLCD3,gene
1017,PLCE1,gene
1018,PLCG1,gene
1019,PLCG2,gene
1020,PLD1,gene
1021,PLD2,gene
1022,PLIN2,gene
1023,PLIN4,gene
1024,PLIN5,gene
1025,PLK1,gene
1026,PLK2,gene
1027,PLK3,gene
1028,PLK4,gene
1029,PLTP,gene
1030,PMAIP1,gene
1031,POMC,gene
1032,PPARA,gene
1033,PPARD,gene
1034,PPARG,gene
1035,PPARGC1A,gene
1036,PPIF,gene
1037,PPM1A,gene
1038,PPM1B,gene
1039,PPM1D,gene
1040,PPP1CA,gene
1041,PPP1CB,gene
1042,PPP1CC,gene
1043,PPP1R12A,gene
1044,PPP1R12B,gene
1045,PPP1R12C,gene
1046,PPP1R1B,gene
1047,PPP1R3B,gene
1048,PPP1R3C,gene
1049,PPP1R3D,gene
1050,PPP1R3E,gene
1051,PPP2CA,gene
1052,PPP2CB,gene
1053,PPP2R1A,gene
1054,PPP2R2A,gene
1055,PPP2R2C,gene
1056,PPP2R2D,gene
1057,PPP2R3A,gene
1058,PPP2R3C,gene
1059,PPP2R5A,gene
1060,PPP2R5B,gene
1061,PPP2R5C,gene
1062,PPP2R5E,gene
1063,PPP3CA,gene
1064,PPP3CC,gene
1065,PPP3R1,gene
1066,PPP3R2,gene
1067,PPP4C,gene
1068,PRDM4,gene
1069,PREX1,gene
1070,PRICKLE1,gene
1071,PRICKLE4,gene
1072,PRKAA1,gene
1073,PRKAA2,gene
1074,PRKAB1,gene
1075,PRKAB2,gene
1076,PRKACA,gene
1077,PRKACB,gene
1078,PRKACG,gene
1079,PRKAG1,gene
1080,PRKAG2,gene
1081,PRKAG3,gene
1082,PRKCA,gene
1083,PRKCB,gene
1084,PRKCD,gene
1085,PRKCE,gene
1086,PRKCG,gene
1087,PRKCI,gene
1088,PRKCQ,gene
1089,PRKCZ,gene
1090,PRKD1,gene
1091,PRKD2,gene
1092,PRKG1,gene
1093,PRKG2,gene
1094,PRMT1,gene
1095,PRR5,gene
1096,PSEN1,gene
1097,PSEN2,gene
1098,PSENEN,gene
1099,PTAFR,gene
1100,PTCH1,gene
1101,PTCH2,gene
1102,PTCRA,gene
1103,PTEN,gene
1104,PTGER1,gene
1105,PTGER2,gene
1106,PTGS2,gene
1107,PTK2,gene
1108,PTK2B,gene
1109,PTPN1,gene
1110,PTPN11,gene
1111,PTPN2,gene
1112,PTPN5,gene
1113,PTPN6,gene
1114,PTPN7,gene
1115,PTPRF,gene
1116,PXN,gene
1117,PYCARD,gene
1118,PYDC1,gene
1119,PYGB,gene
1120,PYGL,gene
1121,PYGM,gene
1122,RAB10,gene
1123,RAB11B,gene
1124,RAB14,gene
1125,RAB2A,gene
1126,RAB5B,gene
1127,RAB5C,gene
1128,RAB8A,gene
1129,RAC1,gene
1130,RAC3,gene
1131,RAF1,gene
1132,RALA,gene
1133,RALB,gene
1134,RALBP1,gene
1135,RALGDS,gene
1136,RAP1A,gene
1137,RAP1B,gene
1138,RAP1GAP,gene
1139,RAPGEF1,gene
1140,RAPGEF2,gene
1141,RAPGEF3,gene
1142,RAPGEF4,gene
1143,RAPGEF5,gene
1144,RAPGEF6,gene
1145,RARA,gene
1146,RASA1,gene
1147,RASA2,gene
1148,RASA3,gene
1149,RASAL1,gene
1150,RASAL2,gene
1151,RASGRF1,gene
1152,RASGRF2,gene
1153,RASGRP1,gene
1154,RASGRP2,gene
1155,RASGRP3,gene
1156,RASGRP4,gene
1157,RASSF1,gene
1158,RASSF2,gene
1159,RASSF4,gene
1160,RASSF5,gene
1161,RBCK1,gene
1162,RBL2,gene
1163,RBPJ,gene
1164,RBPJL,gene
1165,RBX1,gene
1166,RCAN1,gene
1167,RCAN2,gene
1168,RCHY1,gene
1169,REL,gene
1170,RELA,gene
1171,RELB,gene
1172,RELN,gene
1173,RET,gene
1174,RFNG,gene
1175,RGL1,gene
1176,RGL2,gene
1177,RGMA,gene
1178,RGMB,gene
1179,RGS2,gene
1180,RHEB,gene
1181,RHOA,gene
1182,RHOQ,gene
1183,RICTOR,gene
1184,RIN1,gene
1185,RIPK1,gene
1186,RIPK2,gene
1187,RNASEL,gene
1188,RNF125,gene
1189,RNF152,gene
1190,RNF31,gene
1191,ROCK1,gene
1192,ROCK2,gene
1193,ROR1,gene
1194,ROR2,gene
1195,RPRM,gene
1196,RPS6,gene
1197,RPS6KA1,gene
1198,RPS6KA2,gene
1199,RPS6KA4,gene
1200,RPS6KA5,gene
1201,RPS6KB1,gene
1202,RPS6KB2,gene
1203,RRAGA,gene
1204,RRAGC,gene
1205,RRAGD,gene
1206,RRAS,gene
1207,RRAS2,gene
1208,RRM2,gene
1209,RRM2B,gene
1210,RSPO1,gene
1211,RSPO2,gene
1212,RSPO3,gene
1213,RSPO4,gene
1214,RUVBL1,gene
1215,RXFP3,gene
1216,RXRA,gene
1217,RXRB,gene
1218,RXRG,gene
1219,RYK,gene
1220,RYR1,gene
1221,RYR2,gene
1222,S100A9,gene
1223,S1PR1,gene
1224,S1PR2,gene
1225,S1PR3,gene
1226,S1PR4,gene
1227,S1PR5,gene
1228,SAV1,gene
1229,SCD,gene
1230,SCD5,gene
1231,SCP2,gene
1232,SCRIB,gene
1233,SEC13,gene
1234,SEH1L,gene
1235,SENP2,gene
1236,SERPINE1,gene
1237,SERPINF1,gene
1238,SESN1,gene
1239,SESN2,gene
1240,SESN3,gene
1241,SETD7,gene
1242,SFN,gene
1243,SFRP1,gene
1244,SFRP2,gene
1245,SFRP4,gene
1246,SFRP5,gene
1247,SGK1,gene
1248,SGK2,gene
1249,SGK3,gene
1250,SH2B1,gene
1251,SH2B2,gene
1252,SH2B3,gene
1253,SH2D2A,gene
1254,SHARPIN,gene
1255,SHC2,gene
1256,SHC4,gene
1257,SHH,gene
1258,SHISA5,gene
1259,SHOC2,gene
1260,SIAH1,gene
1261,SIK1,gene
1262,SIK2,gene
1263,SIN3A,gene
1264,SIPA1,gene
1265,SIPA1L1,gene
1266,SIVA1,gene
1267,SKAP1,gene
1268,SKP1,gene
1269,SKP2,gene
1270,SLC25A31,gene
1271,SLC25A4,gene
1272,SLC27A1,gene
1273,SLC27A4,gene
1274,SLC2A1,gene
1275,SLC2A4,gene
1276,SLC38A9,gene
1277,SLC3A2,gene
1278,SLC7A5,gene
1279,SLC8A1,gene
1280,SLC8A2,gene
1281,SLC8A3,gene
1282,SMAD1,gene
1283,SMAD2,gene
1284,SMAD3,gene
1285,SMAD4,gene
1286,SMAD5,gene
1287,SMAD6,gene
1288,SMAD7,gene
1289,SMAD9,gene
1290,SMO,gene
1291,SMPD2,gene
1292,SMURF1,gene
1293,SMURF2,gene
1294,SOCS1,gene
1295,SOCS2,gene
1296,SOCS3,gene
1297,SOCS4,gene
1298,SOCS5,gene
1299,SOCS6,gene
1300,SOCS7,gene
1301,SOD2,gene
1302,SORBS1,gene
1303,SORT1,gene
1304,SOS1,gene
1305,SOS2,gene
1306,SOST,gene
1307,SOX17,gene
1308,SOX9,gene
1309,SP1,gene
1310,SPHK1,gene
1311,SPHK2,gene
1312,SPOP,gene
1313,SPOPL,gene
1314,SRC,gene
1315,SREBF1,gene
1316,SRF,gene
1317,SRSF1,gene
1318,SSTR2,gene
1319,SSTR5,gene
1320,STAM2,gene
1321,STAT1,gene
1322,STAT2,gene
1323,STAT3,gene
1324,STAT5A,gene
1325,STAT5B,gene
1326,STAT6,gene
1327,STEAP3,gene
1328,STIM1,gene
1329,STIM2,gene
1330,STK11,gene
1331,STK3,gene
1332,STK4,gene
1333,STMN1,gene
1334,STRADB,gene
1335,SUFU,gene
1336,SUGT1,gene
1337,SYK,gene
1338,TAB1,gene
1339,TAB2,gene
1340,TACR1,gene
1341,TACR2,gene
1342,TACR3,gene
1343,TANK,gene
1344,TAOK1,gene
1345,TAOK2,gene
1346,TAOK3,gene
1347,TBC1D1,gene
1348,TBC1D4,gene
1349,TBC1D7,gene
1350,TBK1,gene
1351,TBKBP1,gene
1352,TBL1XR1,gene
1353,TBX3,gene
1354,TBXA2R,gene
1355,TCF3,gene
1356,TCF7,gene
1357,TCF7L1,gene
1358,TCF7L2,gene
1359,TCL1A,gene
1360,TCL1B,gene
1361,TEAD1,gene
1362,TEAD2,gene
1363,TEAD3,gene
1364,TEAD4,gene
1365,TEC,gene
1366,TEK,gene
1367,TELO2,gene
1368,TF,gene
1369,TFDP1,gene
1370,TFF1,gene
1371,TFRC,gene
1372,TGFA,gene
1373,TGFB1,gene
1374,TGFB3,gene
1375,TGFBR1,gene
1376,TGIF1,gene
1377,TGIF2,gene
1378,TH,gene
1379,THBD,gene
1380,THBS1,gene
1381,THBS3,gene
1382,THBS4,gene
1383,THEM4,gene
1384,THPO,gene
1385,THRA,gene
1386,THRB,gene
1387,TIAM1,gene
1388,TICAM1,gene
1389,TIRAP,gene
1390,TLE1,gene
1391,TLE2,gene
1392,TLE3,gene
1393,TLE4,gene
1394,TLE6,gene
1395,TLN1,gene
1396,TLR2,gene
1397,TLR5,gene
1398,TLR9,gene
1399,TNF,gene
1400,TNFAIP3,gene
1401,TNFRSF10A,gene
1402,TNFRSF10B,gene
1403,TNFRSF11A,gene
1404,TNFRSF13C,gene
1405,TNFRSF1B,gene
1406,TNFSF14,gene
1407,TNNI3,gene
1408,TNXB,gene
1409,TOLLIP,gene
1410,TP53,gene
1411,TP53AIP1,gene
1412,TP53BP1,gene
1413,TP53BP2,gene
1414,TP53I3,gene
1415,TP73,gene
1416,TRADD,gene
1417,TRAF1,gene
1418,TRAF2,gene
1419,TRAF3,gene
1420,TRAF3IP2,gene
1421,TRAF4,gene
1422,TRAF5,gene
1423,TRAF6,gene
1424,TRIM25,gene
1425,TRIP10,gene
1426,TRIP6,gene
1427,TSC1,gene
1428,TSC2,gene
1429,TSHR,gene
1430,TSLP,gene
1431,TTI1,gene
1432,TXN,gene
1433,TXN2,gene
1434,TXNIP,gene
1435,TYK2,gene
1436,UBC,gene
1437,UCP1,gene
1438,ULK1,gene
1439,ULK2,gene
1440,USP25,gene
1441,USP7,gene
1442,VANGL1,gene
1443,VANGL2,gene
1444,VASP,gene
1445,VAV2,gene
1446,VAV3,gene
1447,VDAC1,gene
1448,VDAC2,gene
1449,VDAC3,gene
1450,VEGFA,gene
1451,VEGFB,gene
1452,VEGFC,gene
1453,VHL,gene
1454,VIPR2,gene
1455,WDR24,gene
1456,WDR59,gene
1457,WIF1,gene
1458,WNT1,gene
1459,WNT10A,gene
1460,WNT10B,gene
1461,WNT11,gene
1462,WNT16,gene
1463,WNT2,gene
1464,WNT2B,gene
1465,WNT3,gene
1466,WNT3A,gene
1467,WNT4,gene
1468,WNT5A,gene
1469,WNT6,gene
1470,WNT7A,gene
1471,WNT7B,gene
1472,WNT9A,gene
1473,WNT9B,gene
1474,WTIP,gene
1475,WWC1,gene
1476,WWTR1,gene
1477,YAP1,gene
1478,YWHAB,gene
1479,YWHAE,gene
1480,YWHAG,gene
1481,YWHAH,gene
1482,YWHAQ,gene
1483,YWHAZ,gene
1484,ZAP70,gene
1485,ZFYVE16,gene
1486,ZFYVE9,gene
1487,ZMAT3,gene
1488,ZNF274,gene
1489,ZNRF3,gene
1490,Celecoxib,drug
1491,Cladribine,drug
1492,Dasatinib,drug
1493,Docetaxel,drug
1494,Everolimus,drug
1495,Fulvestrant,drug
1496,Gefitinib,drug
1497,Lenalidomide,drug
1498,Megestrol acetate,drug
1499,Mitotane,drug
1500,Nilotinib,drug
1501,Paclitaxel,drug
1502,Romidepsin,drug
1503,Sirolimus,drug
1504,Thalidomide,drug
1505,Tretinoin,drug
1506,Vorinostat,drug
